{"stats":{"minecraft:broken":{"minecraft:wooden_sword":2},"minecraft:mined":{"minecraft:spruce_planks":1,"minecraft:red_bed":1,"minecraft:grass_block":1,"minecraft:spruce_fence":1,"luminousworld:snow_dande":1,"minecraft:glass":3,"minecraft:tall_grass":1,"minecraft:spruce_leaves":1,"minecraft:oxeye_daisy":1,"luminousworld:groundpebbles_3":1,"minecraft:spawner":1,"minecraft:hay_block":41,"minecraft:spruce_log":8,"minecraft:grass":13,"luminousworld:snowgrass":3,"minecraft:light_gray_concrete":1,"minecraft:smooth_quartz":2,"minecraft:dirt":1,"minecraft:packed_ice":5,"minecraft:stone":4,"minecraft:spruce_slab":1},"minecraft:custom":{"minecraft:mob_kills":8,"tombstone:raider_killed":1,"minecraft:interact_with_crafting_table":3,"minecraft:interact_with_loom":1,"minecraft:leave_game":2,"minecraft:time_since_death":45,"minecraft:sleep_in_bed":1,"minecraft:climb_one_cm":18259,"minecraft:time_since_rest":44,"minecraft:sprint_one_cm":65241,"minecraft:damage_taken":1009,"minecraft:walk_one_cm":77399,"minecraft:drop":10,"minecraft:damage_dealt":1461,"minecraft:talked_to_villager":1,"minecraft:fly_one_cm":147337,"minecraft:open_chest":6,"minecraft:crouch_one_cm":2771,"minecraft:play_time":21716,"minecraft:deaths":3,"minecraft:sneak_time":911,"minecraft:walk_under_water_one_cm":3498,"minecraft:jump":599,"minecraft:walk_on_water_one_cm":1205,"minecraft:total_world_time":21716,"minecraft:fall_one_cm":18595,"minecraft:inspect_dispenser":1},"minecraft:used":{"minecraft:spruce_slab":1,"minecraft:wooden_pickaxe":17,"minecraft:rotten_flesh":1,"minecraft:crafting_table":1,"minecraft:redstone_torch":2,"minecraft:wooden_axe":11,"minecraft:bread":5,"minecraft:wooden_sword":70,"minecraft:redstone_lamp":6,"minecraft:experience_bottle":1},"minecraft:dropped":{"minecraft:bread":5,"minecraft:wheat_seeds":1,"tombstone:gift":1,"luminousworld:groundpebbles_1":1,"born_in_chaos_v1:corpse_maggot":2},"minecraft:killed_by":{"undead_revamp2:the_moonflower":1,"born_in_chaos_v1:zombie_lumberjack":1,"alexsmobs:tusklin":1},"minecraft:killed":{"earthmobsmod:wooly_cow":5,"minecraft:pillager":1,"born_in_chaos_v1:corpse_fly":1},"minecraft:crafted":{"minecraft:wooden_sword":1,"minecraft:crafting_table":1,"minecraft:spruce_planks":16,"minecraft:wooden_pickaxe":1,"minecraft:bread":64,"minecraft:stick":8,"minecraft:wooden_axe":1,"minecraft:wheat":207},"minecraft:picked_up":{"born_in_chaos_v1:corpse_maggot":2,"luminousworld:groundpebbles_1":1,"minecraft:ladder":13,"minecraft:leather":7,"minecraft:brown_wool":5,"minecraft:red_bed":1,"minecraft:wooden_sword":1,"minecraft:experience_bottle":1,"minecraft:wheat_seeds":1,"minecraft:beef":9,"minecraft:spruce_slab":1,"minecraft:spruce_fence":1,"minecraft:spruce_log":8,"minecraft:rotten_flesh":1,"minecraft:hay_block":41,"minecraft:emerald":1,"luminousworld:snow_dande":1,"minecraft:cobblestone":2,"minecraft:oxeye_daisy":1}},"DataVersion":3465}