{"stats":{"minecraft:mined":{"minecraft:spruce_planks":1,"minecraft:spruce_log":3,"minecraft:grass":1,"luminousworld:snowgrass":2,"minecraft:light_gray_concrete":1,"minecraft:smooth_quartz":2,"minecraft:glass":3,"minecraft:spruce_leaves":1,"minecraft:stone":4,"luminousworld:groundpebbles_3":1,"minecraft:spruce_slab":1,"minecraft:spawner":1},"minecraft:custom":{"minecraft:time_since_rest":9069,"minecraft:sprint_one_cm":26351,"minecraft:damage_taken":513,"minecraft:walk_one_cm":34503,"minecraft:mob_kills":2,"minecraft:drop":5,"minecraft:damage_dealt":447,"minecraft:interact_with_crafting_table":2,"minecraft:fly_one_cm":68786,"minecraft:open_chest":3,"minecraft:crouch_one_cm":289,"minecraft:play_time":11338,"minecraft:deaths":1,"minecraft:sneak_time":172,"minecraft:walk_under_water_one_cm":927,"minecraft:jump":277,"minecraft:leave_game":2,"minecraft:walk_on_water_one_cm":469,"minecraft:time_since_death":9478,"minecraft:total_world_time":11338,"minecraft:climb_one_cm":18259,"minecraft:fall_one_cm":8991,"minecraft:inspect_dispenser":1},"minecraft:used":{"minecraft:redstone_torch":2,"minecraft:wooden_axe":1,"minecraft:wooden_pickaxe":13,"minecraft:rotten_flesh":1,"minecraft:wooden_sword":19},"minecraft:dropped":{"minecraft:wheat_seeds":1,"luminousworld:groundpebbles_1":1,"born_in_chaos_v1:corpse_maggot":2,"tombstone:gift":1},"minecraft:killed_by":{"undead_revamp2:the_moonflower":1},"minecraft:killed":{"born_in_chaos_v1:corpse_fly":1},"minecraft:crafted":{"minecraft:wooden_sword":1,"minecraft:spruce_planks":12,"minecraft:stick":8,"minecraft:wooden_pickaxe":1,"minecraft:wooden_axe":1},"minecraft:picked_up":{"luminousworld:groundpebbles_1":1,"born_in_chaos_v1:corpse_maggot":2,"minecraft:ladder":13,"minecraft:spruce_log":3,"minecraft:wooden_sword":1,"minecraft:rotten_flesh":1,"minecraft:wheat_seeds":1,"minecraft:spruce_slab":1,"minecraft:cobblestone":2}},"DataVersion":3465}