{"stats":{"minecraft:broken":{"minecraft:wooden_sword":2},"minecraft:mined":{"minecraft:spruce_planks":1,"minecraft:red_bed":1,"minecraft:grass_block":1,"minecraft:spruce_fence":1,"luminousworld:snow_dande":1,"minecraft:campfire":7,"minecraft:glass":3,"minecraft:tall_grass":1,"minecraft:spruce_leaves":1,"minecraft:oxeye_daisy":1,"luminousworld:groundpebbles_3":1,"minecraft:spawner":1,"minecraft:hay_block":71,"minecraft:spruce_log":8,"minecraft:grass":13,"minecraft:bookshelf":5,"minecraft:coal_ore":20,"luminousworld:snowgrass":3,"minecraft:sand":1,"minecraft:light_gray_concrete":1,"minecraft:smooth_quartz":2,"minecraft:dirt":1,"minecraft:packed_ice":5,"minecraft:stone":4,"minecraft:iron_block":5,"minecraft:oak_leaves":1,"minecraft:spruce_slab":1},"minecraft:custom":{"minecraft:mob_kills":14,"tombstone:raider_killed":5,"minecraft:interact_with_crafting_table":6,"minecraft:interact_with_loom":1,"minecraft:leave_game":2,"minecraft:time_since_death":12045,"minecraft:sleep_in_bed":1,"minecraft:climb_one_cm":18259,"minecraft:time_since_rest":12044,"minecraft:sprint_one_cm":108993,"minecraft:damage_taken":1456,"minecraft:walk_one_cm":122823,"minecraft:drop":32,"minecraft:damage_dealt":2309,"minecraft:talked_to_villager":1,"minecraft:fly_one_cm":198456,"minecraft:open_chest":12,"minecraft:crouch_one_cm":8194,"minecraft:play_time":33716,"minecraft:deaths":3,"minecraft:sneak_time":2332,"minecraft:walk_under_water_one_cm":3498,"minecraft:jump":775,"minecraft:walk_on_water_one_cm":1264,"minecraft:total_world_time":33716,"minecraft:fall_one_cm":19518,"minecraft:inspect_dispenser":1},"minecraft:used":{"minecraft:cooked_mutton":2,"minecraft:stone_sword":50,"minecraft:iron_shovel":1,"minecraft:spruce_slab":1,"minecraft:stone_pickaxe":5,"minecraft:wooden_pickaxe":18,"minecraft:creeper_head":1,"minecraft:rotten_flesh":1,"minecraft:crafting_table":2,"minecraft:crossbow":1,"minecraft:redstone_torch":2,"minecraft:wooden_axe":17,"minecraft:iron_axe":7,"minecraft:bread":10,"minecraft:iron_pickaxe":20,"minecraft:light_gray_wool":3,"minecraft:wooden_sword":70,"minecraft:redstone_lamp":9,"minecraft:experience_bottle":1},"minecraft:dropped":{"minecraft:bread":5,"minecraft:creeper_head":2,"minecraft:wheat_seeds":1,"minecraft:lapis_lazuli":1,"alexsmobs:animal_dictionary":2,"minecraft:sticky_piston":1,"minecraft:wheat":16,"tombstone:gift":1,"minecraft:chainmail_chestplate":3,"minecraft:item_frame":3,"minecraft:oxeye_daisy":2,"illagerinvasion:platinum_chunk":1,"luminousworld:groundpebbles_1":1,"minecraft:rabbit":1,"born_in_chaos_v1:corpse_maggot":2,"minecraft:ladder":13,"luminousworld:snow_dande":2,"minecraft:redstone_torch":1,"minecraft:wooden_pickaxe":1,"minecraft:chainmail_leggings":2},"minecraft:killed_by":{"undead_revamp2:the_moonflower":1,"born_in_chaos_v1:zombie_lumberjack":1,"alexsmobs:tusklin":1},"minecraft:killed":{"earthmobsmod:wooly_cow":5,"born_in_chaos_v1:maggot":1,"minecraft:pillager":5,"born_in_chaos_v1:corpse_fly":1},"minecraft:crafted":{"minecraft:wooden_sword":1,"minecraft:crafting_table":2,"minecraft:spruce_planks":32,"minecraft:wooden_pickaxe":1,"minecraft:iron_helmet":1,"minecraft:bread":64,"minecraft:iron_boots":1,"minecraft:iron_chestplate":1,"minecraft:stick":8,"minecraft:iron_ingot":45,"minecraft:wooden_axe":1,"minecraft:stone_sword":1,"minecraft:iron_leggings":1,"minecraft:wheat":207},"minecraft:picked_up":{"born_in_chaos_v1:corpse_maggot":2,"luminousworld:groundpebbles_1":1,"minecraft:wheat":16,"illagerinvasion:platinum_chunk":1,"minecraft:creeper_head":3,"minecraft:ladder":26,"minecraft:leather":7,"minecraft:brown_wool":5,"minecraft:potato":4,"minecraft:chainmail_chestplate":3,"minecraft:lapis_lazuli":1,"minecraft:red_bed":1,"minecraft:iron_axe":1,"minecraft:wooden_sword":1,"minecraft:armor_stand":2,"minecraft:item_frame":10,"minecraft:cooked_mutton":3,"minecraft:iron_shovel":1,"minecraft:experience_bottle":1,"minecraft:wheat_seeds":1,"minecraft:iron_ingot":32,"minecraft:beef":12,"minecraft:stone_pickaxe":1,"minecraft:rabbit":1,"minecraft:iron_pickaxe":1,"minecraft:spruce_slab":1,"minecraft:book":15,"minecraft:spruce_fence":1,"minecraft:porkchop":7,"minecraft:spruce_log":8,"alexsmobs:animal_dictionary":1,"minecraft:stone_sword":1,"minecraft:rotten_flesh":1,"minecraft:chainmail_leggings":2,"minecraft:hay_block":71,"minecraft:crossbow":1,"minecraft:iron_block":5,"minecraft:gold_ingot":2,"minecraft:bread":3,"minecraft:emerald":4,"luminousworld:snow_dande":2,"minecraft:coal":20,"minecraft:cobblestone":2,"minecraft:oxeye_daisy":2}},"DataVersion":3465}