{"stats":{"minecraft:broken":{"minecraft:wooden_sword":2},"minecraft:mined":{"minecraft:spruce_planks":1,"minecraft:red_bed":1,"minecraft:grass_block":1,"minecraft:spruce_fence":1,"luminousworld:snow_dande":1,"minecraft:campfire":7,"minecraft:glass":3,"minecraft:tall_grass":1,"minecraft:spruce_leaves":3,"minecraft:oxeye_daisy":1,"luminousworld:groundpebbles_3":1,"minecraft:large_fern":1,"minecraft:spawner":1,"minecraft:hay_block":71,"minecraft:spruce_log":27,"minecraft:light_gray_wool":1,"minecraft:grass":13,"minecraft:bookshelf":5,"minecraft:coal_ore":20,"luminousworld:snowgrass":3,"minecraft:sand":1,"minecraft:light_gray_concrete":1,"minecraft:smooth_quartz":2,"minecraft:dirt":1,"minecraft:packed_ice":5,"minecraft:stone":4,"minecraft:iron_block":5,"minecraft:oak_leaves":1,"minecraft:spruce_slab":1},"minecraft:custom":{"minecraft:mob_kills":17,"tombstone:raider_killed":8,"minecraft:interact_with_crafting_table":8,"minecraft:interact_with_loom":1,"minecraft:leave_game":2,"minecraft:time_since_death":322,"minecraft:sleep_in_bed":1,"minecraft:climb_one_cm":18349,"minecraft:time_since_rest":106,"minecraft:sprint_one_cm":126702,"minecraft:damage_taken":4261,"minecraft:walk_one_cm":142718,"minecraft:damage_blocked_by_shield":235,"minecraft:drop":33,"minecraft:damage_dealt":3178,"minecraft:talked_to_villager":1,"minecraft:fly_one_cm":251278,"minecraft:open_chest":12,"minecraft:crouch_one_cm":8194,"minecraft:play_time":39716,"minecraft:deaths":7,"minecraft:sneak_time":2332,"minecraft:walk_under_water_one_cm":3498,"minecraft:jump":972,"minecraft:walk_on_water_one_cm":1324,"minecraft:total_world_time":39716,"minecraft:fall_one_cm":21047,"minecraft:inspect_dispenser":1},"minecraft:used":{"minecraft:cooked_mutton":2,"minecraft:stone_sword":58,"minecraft:iron_shovel":1,"minecraft:spruce_slab":1,"minecraft:stone_pickaxe":5,"minecraft:shield":8,"minecraft:wooden_pickaxe":18,"minecraft:iron_sword":8,"minecraft:creeper_head":1,"minecraft:rotten_flesh":1,"minecraft:crafting_table":3,"minecraft:crossbow":2,"minecraft:redstone_torch":2,"minecraft:wooden_axe":17,"minecraft:iron_axe":32,"minecraft:bread":14,"minecraft:iron_pickaxe":20,"minecraft:light_gray_wool":3,"minecraft:wooden_sword":70,"minecraft:redstone_lamp":9,"minecraft:experience_bottle":1},"minecraft:dropped":{"minecraft:bread":5,"minecraft:creeper_head":2,"minecraft:wheat_seeds":1,"minecraft:lapis_lazuli":1,"minecraft:stone_sword":1,"alexsmobs:animal_dictionary":2,"minecraft:sticky_piston":1,"minecraft:wheat":16,"tombstone:gift":1,"minecraft:chainmail_chestplate":3,"minecraft:item_frame":3,"minecraft:oxeye_daisy":2,"illagerinvasion:platinum_chunk":1,"luminousworld:groundpebbles_1":1,"minecraft:rabbit":1,"born_in_chaos_v1:corpse_maggot":2,"minecraft:ladder":13,"luminousworld:snow_dande":2,"minecraft:redstone_torch":1,"minecraft:wooden_pickaxe":1,"minecraft:chainmail_leggings":2},"minecraft:killed_by":{"undead_revamp2:the_moonflower":1,"autizmzrake:rake":3,"born_in_chaos_v1:zombie_lumberjack":1,"mowziesmobs:frostmaw":1,"alexsmobs:tusklin":1},"minecraft:killed":{"earthmobsmod:wooly_cow":5,"born_in_chaos_v1:maggot":1,"minecraft:pillager":8,"born_in_chaos_v1:corpse_fly":1},"minecraft:crafted":{"minecraft:wooden_sword":1,"minecraft:crafting_table":3,"minecraft:spruce_planks":96,"minecraft:wooden_pickaxe":1,"minecraft:iron_helmet":1,"minecraft:iron_sword":1,"minecraft:bread":64,"minecraft:iron_boots":1,"minecraft:iron_chestplate":1,"minecraft:shield":1,"minecraft:stick":12,"minecraft:iron_ingot":45,"minecraft:wooden_axe":1,"minecraft:stone_sword":1,"minecraft:iron_leggings":1,"minecraft:wheat":207},"minecraft:picked_up":{"born_in_chaos_v1:corpse_maggot":2,"luminousworld:groundpebbles_1":1,"minecraft:wheat":16,"illagerinvasion:platinum_chunk":2,"minecraft:creeper_head":3,"minecraft:ladder":26,"minecraft:leather":7,"minecraft:brown_wool":5,"minecraft:potato":4,"minecraft:chainmail_chestplate":3,"minecraft:lapis_lazuli":1,"minecraft:red_bed":1,"minecraft:iron_axe":1,"minecraft:wooden_sword":1,"minecraft:armor_stand":2,"minecraft:item_frame":10,"minecraft:cooked_mutton":3,"minecraft:iron_shovel":1,"minecraft:experience_bottle":1,"minecraft:wheat_seeds":1,"minecraft:iron_ingot":32,"minecraft:beef":12,"minecraft:stone_pickaxe":1,"minecraft:light_gray_wool":1,"minecraft:rabbit":1,"minecraft:iron_pickaxe":1,"minecraft:spruce_slab":1,"minecraft:book":15,"minecraft:spruce_fence":1,"minecraft:porkchop":7,"minecraft:spruce_log":24,"alexsmobs:animal_dictionary":1,"minecraft:stone_sword":1,"minecraft:rotten_flesh":1,"minecraft:chainmail_leggings":2,"minecraft:hay_block":71,"minecraft:crossbow":1,"minecraft:iron_block":5,"minecraft:gold_ingot":2,"minecraft:bread":3,"minecraft:emerald":6,"luminousworld:snow_dande":2,"minecraft:coal":20,"minecraft:cobblestone":2,"minecraft:oxeye_daisy":2}},"DataVersion":3465}