{"stats":{"minecraft:used":{"tombstone:gift":2},"minecraft:killed_by":{"born_in_chaos_v1:baby_skeleton":1,"man:managgresive":1,"minecraft:zombie":1},"minecraft:custom":{"minecraft:time_since_rest":1391,"minecraft:open_chest":1,"minecraft:crouch_one_cm":71,"minecraft:play_time":17377,"minecraft:sprint_one_cm":37061,"minecraft:walk_one_cm":7700,"minecraft:damage_taken":780,"minecraft:deaths":3,"minecraft:sneak_time":103,"minecraft:walk_under_water_one_cm":4137,"minecraft:jump":257,"minecraft:damage_dealt":234,"minecraft:leave_game":1,"minecraft:time_since_death":1919,"minecraft:walk_on_water_one_cm":11059,"minecraft:total_world_time":17377,"minecraft:interact_with_smoker":1,"minecraft:swim_one_cm":12533,"minecraft:interact_with_crafting_table":1,"minecraft:fall_one_cm":6902,"minecraft:fly_one_cm":69063}},"DataVersion":3465}