{"stats":{"minecraft:mined":{"luminousworld:savannah_grass_1":1,"minecraft:grass":2,"luminousworld:groundpebbles_1":1,"minecraft:sand":1,"luminousworld:grassvariant_2":2,"luminousworld:savanna_grass_2":2},"minecraft:custom":{"minecraft:time_since_rest":1,"minecraft:sprint_one_cm":27490,"minecraft:play_time":6473,"minecraft:deaths":1,"minecraft:damage_taken":2147483647,"minecraft:walk_one_cm":5659,"minecraft:sneak_time":9,"minecraft:walk_under_water_one_cm":837,"minecraft:jump":258,"minecraft:leave_game":3,"minecraft:walk_on_water_one_cm":1159,"minecraft:time_since_death":225,"minecraft:total_world_time":6473,"minecraft:climb_one_cm":230,"minecraft:swim_one_cm":5634,"minecraft:fall_one_cm":6595,"minecraft:fly_one_cm":79495},"minecraft:used":{"minecraft:sand":1,"luminousworld:groundpebbles_1":1},"minecraft:killed_by":{"iceandfire:gorgon":1},"minecraft:picked_up":{"luminousworld:groundpebbles_1":1,"minecraft:sand":1}},"DataVersion":3465}