{"stats":{"minecraft:mined":{"minecraft:spruce_leaves":1,"minecraft:spruce_log":1},"minecraft:custom":{"minecraft:jump":61,"minecraft:time_since_rest":5194,"minecraft:sprint_one_cm":9193,"minecraft:leave_game":1,"minecraft:play_time":5194,"minecraft:damage_taken":95,"minecraft:time_since_death":5194,"minecraft:walk_one_cm":4887,"minecraft:total_world_time":5194,"minecraft:fall_one_cm":1638,"minecraft:fly_one_cm":16227},"minecraft:used":{"alexsmobs:animal_dictionary":4},"minecraft:crafted":{"minecraft:spruce_planks":4},"minecraft:picked_up":{"minecraft:spruce_log":1}},"DataVersion":3465}