{"stats":{"minecraft:mined":{"minecraft:crafting_table":2,"minecraft:grass_block":1,"minecraft:spruce_leaves":11,"minecraft:wall_torch":1,"minecraft:ice":2,"minecraft:spruce_log":12,"minecraft:dirt":1,"minecraft:spruce_slab":3},"minecraft:custom":{"minecraft:mob_kills":22,"tombstone:raider_killed":3,"minecraft:interact_with_crafting_table":4,"minecraft:leave_game":1,"minecraft:time_since_death":1025,"minecraft:sleep_in_bed":2,"minecraft:climb_one_cm":20013,"minecraft:time_since_rest":120,"minecraft:sprint_one_cm":178337,"minecraft:damage_taken":2155,"minecraft:walk_one_cm":103462,"minecraft:drop":19,"minecraft:damage_dealt":3807,"minecraft:swim_one_cm":1938,"minecraft:fly_one_cm":211857,"minecraft:player_kills":1,"minecraft:open_chest":5,"minecraft:crouch_one_cm":1325,"minecraft:play_time":41194,"tombstone:undead_killed":6,"minecraft:deaths":6,"minecraft:sneak_time":507,"minecraft:walk_under_water_one_cm":4729,"tombstone:tomb_raiding":1,"minecraft:jump":728,"minecraft:walk_on_water_one_cm":2767,"minecraft:total_world_time":41194,"minecraft:fall_one_cm":12196},"minecraft:used":{"minecraft:stone_sword":82,"born_in_chaos_v1:intoxicating_decoction":1,"minecraft:spruce_planks":2,"minecraft:stone":9,"minecraft:rotten_flesh":3,"minecraft:torch":4,"minecraft:dirt":2,"minecraft:crafting_table":3,"born_in_chaos_v1:monster_flesh":1,"minecraft:bread":3,"minecraft:spruce_pressure_plate":2,"minecraft:stone_axe":2,"minecraft:wooden_sword":27,"minecraft:white_banner":1,"tombstone:gift":1,"alexsmobs:animal_dictionary":4},"minecraft:dropped":{"born_in_chaos_v1:intoxicating_decoction":1,"minecraft:bread":58,"minecraft:creeper_head":1,"minecraft:stone_axe":1,"minecraft:stone_sword":2,"minecraft:rotten_flesh":4,"minecraft:hay_block":10,"quark:clear_shard":18,"minecraft:ladder":134,"tombstone:grave_dust":1,"minecraft:pumpkin":2,"minecraft:stone_pickaxe":2},"minecraft:killed_by":{"man:managgresive":1,"undead_revamp2:thespectre":1,"autizmzrake:rake":1,"minecraft:pillager":2,"born_in_chaos_v1:firelight_not_despawn":1},"minecraft:killed":{"luminousworld:frostbitten_zombie":2,"minecraft:pig":1,"born_in_chaos_v1:zombie_clown_not_despawn":1,"undead_revamp2:the_moonflower":1,"earthmobsmod:wooly_cow":3,"earthmobsmod:umbra_cow":4,"luminousworld:mourning_cloak":1,"minecraft:pillager":3,"minecraft:zombie":1,"born_in_chaos_v1:dread_hound":1,"born_in_chaos_v1:corpse_fly":1,"undead_revamp2:thespectre":1,"born_in_chaos_v1:firelight_not_despawn":2},"minecraft:crafted":{"minecraft:wooden_sword":1,"minecraft:crafting_table":2,"minecraft:spruce_planks":48,"minecraft:stone_axe":1,"minecraft:spruce_pressure_plate":3,"minecraft:stick":12,"minecraft:leather_chestplate":1,"minecraft:stone_pickaxe":1,"minecraft:stone_sword":1,"minecraft:torch":24},"minecraft:picked_up":{"minecraft:crafting_table":2,"illagerinvasion:platinum_chunk":2,"minecraft:creeper_head":1,"born_in_chaos_v1:monster_flesh":1,"minecraft:ladder":35,"minecraft:brown_wool":3,"minecraft:leather":8,"minecraft:oak_stairs":1,"minecraft:dirt":2,"minecraft:white_banner":1,"born_in_chaos_v1:intoxicating_decoction":2,"born_in_chaos_v1:monster_skin":1,"minecraft:beef":15,"minecraft:stone_pickaxe":1,"minecraft:spruce_slab":3,"minecraft:stick":6,"minecraft:torch":1,"minecraft:porkchop":3,"tombstone:grave_dust":3,"minecraft:spruce_log":12,"minecraft:stone_sword":1,"quark:clear_shard":9,"minecraft:rotten_flesh":13,"born_in_chaos_v1:fire_dust":2,"minecraft:hay_block":5,"minecraft:emerald":2,"minecraft:bread":34,"supplementaries:ash":1,"minecraft:black_wool":4,"minecraft:cobblestone":1}},"DataVersion":3465}