{"stats":{"minecraft:mined":{"minecraft:ice":2,"minecraft:spruce_log":12,"minecraft:crafting_table":1,"minecraft:grass_block":1,"minecraft:dirt":1,"minecraft:spruce_leaves":11,"minecraft:spruce_slab":3,"minecraft:wall_torch":1},"minecraft:custom":{"minecraft:time_since_rest":74,"minecraft:sprint_one_cm":87320,"minecraft:damage_taken":1641,"minecraft:walk_one_cm":75148,"minecraft:mob_kills":8,"minecraft:drop":16,"minecraft:damage_dealt":1754,"minecraft:player_kills":1,"minecraft:swim_one_cm":1938,"minecraft:interact_with_crafting_table":2,"minecraft:fly_one_cm":123429,"minecraft:open_chest":4,"minecraft:crouch_one_cm":1321,"minecraft:play_time":29194,"tombstone:undead_killed":4,"minecraft:deaths":4,"minecraft:sneak_time":482,"minecraft:walk_under_water_one_cm":4729,"tombstone:tomb_raiding":1,"minecraft:jump":450,"minecraft:walk_on_water_one_cm":2533,"minecraft:leave_game":1,"minecraft:time_since_death":1893,"minecraft:sleep_in_bed":2,"minecraft:total_world_time":29194,"minecraft:climb_one_cm":20013,"minecraft:fall_one_cm":7552},"minecraft:used":{"minecraft:stone_sword":31,"born_in_chaos_v1:monster_flesh":1,"minecraft:spruce_pressure_plate":2,"minecraft:spruce_planks":2,"minecraft:stone":9,"minecraft:rotten_flesh":3,"minecraft:stone_axe":1,"minecraft:torch":4,"minecraft:wooden_sword":27,"minecraft:dirt":2,"minecraft:crafting_table":2,"tombstone:gift":1,"alexsmobs:animal_dictionary":4},"minecraft:dropped":{"minecraft:bread":58,"minecraft:hay_block":10,"quark:clear_shard":18,"minecraft:stone_sword":2,"minecraft:rotten_flesh":4,"minecraft:pumpkin":2,"minecraft:ladder":134,"tombstone:grave_dust":1,"minecraft:stone_pickaxe":2},"minecraft:killed_by":{"man:managgresive":1,"undead_revamp2:thespectre":1,"born_in_chaos_v1:firelight_not_despawn":1,"autizmzrake:rake":1},"minecraft:killed":{"luminousworld:frostbitten_zombie":1,"minecraft:zombie":1,"born_in_chaos_v1:dread_hound":1,"born_in_chaos_v1:corpse_fly":1,"undead_revamp2:the_moonflower":1,"undead_revamp2:thespectre":1,"born_in_chaos_v1:firelight_not_despawn":2},"minecraft:crafted":{"minecraft:wooden_sword":1,"minecraft:crafting_table":2,"minecraft:spruce_planks":48,"minecraft:stick":12,"minecraft:stone_pickaxe":1,"minecraft:stone_sword":1,"minecraft:torch":24,"minecraft:stone_axe":1,"minecraft:spruce_pressure_plate":3},"minecraft:picked_up":{"minecraft:stick":6,"minecraft:crafting_table":1,"minecraft:ladder":35,"born_in_chaos_v1:monster_flesh":1,"minecraft:torch":1,"tombstone:grave_dust":3,"minecraft:spruce_log":12,"minecraft:dirt":2,"quark:clear_shard":9,"minecraft:stone_sword":1,"born_in_chaos_v1:monster_skin":1,"minecraft:rotten_flesh":7,"born_in_chaos_v1:fire_dust":2,"minecraft:hay_block":5,"minecraft:stone_pickaxe":1,"minecraft:bread":29,"minecraft:spruce_slab":3,"minecraft:cobblestone":1}},"DataVersion":3465}