{"stats":{"minecraft:mined":{"minecraft:spruce_log":4,"minecraft:grass_block":1,"minecraft:dirt":1,"minecraft:spruce_leaves":7},"minecraft:custom":{"minecraft:time_since_rest":7089,"minecraft:sprint_one_cm":40338,"minecraft:damage_taken":1241,"minecraft:walk_one_cm":45978,"minecraft:mob_kills":2,"minecraft:drop":1,"minecraft:damage_dealt":573,"minecraft:interact_with_crafting_table":1,"minecraft:fly_one_cm":66125,"minecraft:open_chest":2,"minecraft:crouch_one_cm":376,"minecraft:play_time":17194,"minecraft:deaths":2,"minecraft:sneak_time":185,"minecraft:walk_under_water_one_cm":1386,"minecraft:jump":260,"minecraft:walk_on_water_one_cm":2181,"minecraft:leave_game":1,"minecraft:time_since_death":7134,"minecraft:sleep_in_bed":1,"minecraft:total_world_time":17194,"minecraft:climb_one_cm":19469,"minecraft:fall_one_cm":4206},"minecraft:used":{"born_in_chaos_v1:monster_flesh":1,"minecraft:spruce_pressure_plate":2,"minecraft:spruce_planks":2,"minecraft:stone":2,"minecraft:wooden_sword":27,"minecraft:dirt":2,"minecraft:crafting_table":1,"tombstone:gift":1,"alexsmobs:animal_dictionary":4},"minecraft:dropped":{"tombstone:grave_dust":1},"minecraft:killed_by":{"man:managgresive":1,"autizmzrake:rake":1},"minecraft:killed":{"born_in_chaos_v1:dread_hound":1,"born_in_chaos_v1:corpse_fly":1},"minecraft:crafted":{"minecraft:wooden_sword":1,"minecraft:crafting_table":1,"minecraft:spruce_planks":16,"minecraft:stick":4,"minecraft:spruce_pressure_plate":3},"minecraft:picked_up":{"minecraft:stick":2,"born_in_chaos_v1:monster_flesh":1,"minecraft:spruce_log":4,"minecraft:dirt":2,"born_in_chaos_v1:monster_skin":1,"minecraft:cobblestone":1}},"DataVersion":3465}