{"stats":{"minecraft:mined":{"minecraft:crafting_table":1,"minecraft:ladder":2,"minecraft:dark_oak_fence":6,"minecraft:grass_block":10,"minecraft:campfire":4,"minecraft:spruce_wall_sign":3,"minecraft:cobblestone":1,"minecraft:spruce_leaves":16,"minecraft:hay_block":14,"minecraft:white_carpet":3,"minecraft:spruce_log":31,"minecraft:andesite":2,"minecraft:pumpkin":2,"minecraft:grass":2,"luminousworld:snowgrass":2,"quark:spruce_chest":2,"minecraft:dirt":3,"minecraft:packed_ice":7,"minecraft:stone":55,"minecraft:iron_block":1},"minecraft:custom":{"minecraft:mob_kills":5,"minecraft:interact_with_crafting_table":11,"minecraft:leave_game":1,"minecraft:time_since_death":34483,"minecraft:sleep_in_bed":2,"minecraft:climb_one_cm":16087,"minecraft:time_since_rest":32084,"minecraft:sprint_one_cm":253991,"minecraft:damage_taken":4090,"minecraft:walk_one_cm":145418,"minecraft:drop":6,"minecraft:damage_dealt":3409,"minecraft:swim_one_cm":13802,"minecraft:fly_one_cm":572662,"minecraft:open_chest":6,"minecraft:crouch_one_cm":1542,"minecraft:play_time":61369,"tombstone:undead_killed":1,"minecraft:deaths":7,"minecraft:sneak_time":856,"minecraft:walk_under_water_one_cm":18169,"minecraft:jump":1894,"minecraft:walk_on_water_one_cm":9448,"minecraft:interact_with_smoker":3,"minecraft:total_world_time":61369,"minecraft:fall_one_cm":45917},"minecraft:used":{"minecraft:cooked_mutton":1,"minecraft:stone_sword":16,"minecraft:stone_pickaxe":54,"minecraft:ladder":1,"minecraft:wooden_pickaxe":15,"minecraft:iron_sword":25,"minecraft:creeper_head":1,"minecraft:spruce_sign":3,"minecraft:dirt":13,"minecraft:white_carpet":3,"minecraft:crafting_table":3,"born_in_chaos_v1:corpse_maggot":5,"born_in_chaos_v1:smoked_flesh":4,"minecraft:light_gray_concrete":1,"minecraft:bread":20,"minecraft:spruce_sapling":2,"minecraft:stone_axe":95,"minecraft:cobblestone":8,"minecraft:andesite":2,"alexsmobs:animal_dictionary":1,"tombstone:gift":4,"quark:oak_chest":2,"minecraft:pumpkin":2},"minecraft:dropped":{"minecraft:bread":5,"minecraft:wooden_pickaxe":1},"minecraft:killed_by":{"minecraft:player":1,"autizmzrake:rake":3,"minecraft:pillager":1,"iceandfire:dread_knight":2},"minecraft:killed":{"enemyexpansion:sprinter":1,"born_in_chaos_v1:bloody_gadfly":1,"born_in_chaos_v1:corpse_fly":1,"iceandfire:ice_dragon":1},"minecraft:crafted":{"minecraft:spruce_sign":3,"minecraft:crafting_table":2,"minecraft:spruce_planks":28,"minecraft:wooden_pickaxe":1,"minecraft:iron_sword":1,"minecraft:stone_axe":1,"minecraft:bread":27,"minecraft:stick":12,"quark:oak_chest":2,"born_in_chaos_v1:smoked_flesh":4,"minecraft:iron_ingot":9,"minecraft:stone_pickaxe":1,"minecraft:stone_sword":1,"minecraft:iron_leggings":1,"minecraft:wheat":81},"minecraft:picked_up":{"born_in_chaos_v1:corpse_maggot":7,"minecraft:charcoal":20,"minecraft:crafting_table":2,"minecraft:flower_pot":1,"minecraft:creeper_head":1,"minecraft:ladder":238,"minecraft:clay_ball":2,"minecraft:andesite":2,"minecraft:potato":4,"minecraft:chainmail_chestplate":1,"iceandfire:dragonscales_blue":4,"minecraft:dirt":13,"minecraft:cooked_mutton":1,"minecraft:item_frame":8,"minecraft:white_carpet":1,"minecraft:bone":4,"quark:spruce_chest":2,"minecraft:spruce_planks":4,"minecraft:stone_pickaxe":1,"minecraft:beef":14,"minecraft:rabbit":10,"minecraft:bamboo":1,"iceandfire:ice_dragon_heart":1,"minecraft:stick":2,"iceandfire:dragonbone":9,"minecraft:pumpkin":4,"minecraft:porkchop":14,"minecraft:spruce_sapling":2,"minecraft:spruce_log":29,"iceandfire:dragon_skull_ice":1,"minecraft:light_gray_concrete":1,"minecraft:stone_sword":2,"quark:clear_shard":27,"minecraft:rotten_flesh":5,"born_in_chaos_v1:fire_dust":1,"minecraft:stone_axe":1,"minecraft:hay_block":24,"iceandfire:ice_dragon_flesh":7,"minecraft:iron_block":1,"minecraft:painting":3,"minecraft:emerald":3,"minecraft:spruce_sign":4,"minecraft:bread":34,"minecraft:mutton":8,"minecraft:dark_oak_fence":6,"iceandfire:silver_nugget":14,"minecraft:cobblestone":56}},"DataVersion":3465}