{"stats":{"minecraft:mined":{"minecraft:white_carpet":3,"minecraft:spruce_log":3,"minecraft:grass_block":10,"luminousworld:snowgrass":2,"minecraft:dirt":3,"minecraft:stone":14},"minecraft:custom":{"minecraft:time_since_rest":849,"minecraft:sprint_one_cm":53094,"minecraft:damage_taken":2715,"minecraft:walk_one_cm":39675,"minecraft:mob_kills":1,"minecraft:drop":1,"minecraft:damage_dealt":324,"minecraft:interact_with_crafting_table":4,"minecraft:swim_one_cm":3660,"minecraft:fly_one_cm":166400,"minecraft:crouch_one_cm":973,"minecraft:play_time":16088,"minecraft:deaths":5,"minecraft:sneak_time":367,"minecraft:walk_under_water_one_cm":4790,"minecraft:jump":530,"minecraft:walk_on_water_one_cm":5377,"minecraft:time_since_death":1120,"minecraft:sleep_in_bed":1,"minecraft:total_world_time":16088,"minecraft:climb_one_cm":8853,"minecraft:fall_one_cm":12897},"minecraft:used":{"born_in_chaos_v1:corpse_maggot":4,"minecraft:stone_sword":3,"minecraft:wooden_pickaxe":15,"minecraft:dirt":13,"minecraft:white_carpet":3,"minecraft:crafting_table":1,"tombstone:gift":4,"alexsmobs:animal_dictionary":1},"minecraft:dropped":{"minecraft:wooden_pickaxe":1},"minecraft:killed_by":{"iceandfire:dread_knight":2,"autizmzrake:rake":3},"minecraft:killed":{"born_in_chaos_v1:corpse_fly":1},"minecraft:crafted":{"minecraft:crafting_table":1,"minecraft:spruce_planks":12,"minecraft:stick":8,"minecraft:wooden_pickaxe":1,"minecraft:stone_pickaxe":1,"minecraft:stone_sword":1,"minecraft:stone_axe":1},"minecraft:picked_up":{"born_in_chaos_v1:corpse_maggot":4,"minecraft:spruce_log":3,"minecraft:dirt":13,"minecraft:white_carpet":1,"born_in_chaos_v1:fire_dust":1,"minecraft:cobblestone":14}},"DataVersion":3465}