{"stats":{"minecraft:mined":{"minecraft:hay_block":14,"minecraft:white_carpet":3,"minecraft:spruce_log":3,"minecraft:pumpkin":2,"minecraft:ladder":2,"minecraft:dark_oak_fence":6,"minecraft:grass":1,"minecraft:grass_block":10,"luminousworld:snowgrass":2,"minecraft:dirt":3,"minecraft:packed_ice":7,"minecraft:cobblestone":1,"minecraft:stone":14},"minecraft:custom":{"minecraft:time_since_rest":1,"minecraft:sprint_one_cm":93896,"minecraft:damage_taken":3340,"minecraft:walk_one_cm":80328,"minecraft:mob_kills":2,"minecraft:drop":1,"minecraft:damage_dealt":696,"minecraft:interact_with_crafting_table":5,"minecraft:swim_one_cm":13671,"minecraft:fly_one_cm":267245,"minecraft:crouch_one_cm":1413,"minecraft:play_time":28088,"minecraft:deaths":7,"minecraft:sneak_time":802,"minecraft:walk_under_water_one_cm":17614,"minecraft:jump":884,"minecraft:walk_on_water_one_cm":9006,"minecraft:time_since_death":1202,"minecraft:sleep_in_bed":2,"minecraft:total_world_time":28088,"minecraft:climb_one_cm":16087,"minecraft:fall_one_cm":21942},"minecraft:used":{"born_in_chaos_v1:corpse_maggot":4,"minecraft:stone_sword":11,"minecraft:light_gray_concrete":1,"minecraft:bread":3,"minecraft:stone_pickaxe":10,"minecraft:ladder":1,"minecraft:wooden_pickaxe":15,"minecraft:stone_axe":23,"minecraft:dirt":13,"minecraft:cobblestone":7,"minecraft:white_carpet":3,"minecraft:crafting_table":1,"tombstone:gift":4,"alexsmobs:animal_dictionary":1},"minecraft:dropped":{"minecraft:wooden_pickaxe":1},"minecraft:killed_by":{"minecraft:player":1,"iceandfire:dread_knight":2,"autizmzrake:rake":3,"minecraft:pillager":1},"minecraft:killed":{"born_in_chaos_v1:corpse_fly":1},"minecraft:crafted":{"minecraft:crafting_table":1,"minecraft:spruce_planks":12,"minecraft:stick":8,"minecraft:wooden_pickaxe":1,"minecraft:stone_pickaxe":1,"minecraft:stone_sword":1,"minecraft:stone_axe":1,"minecraft:bread":27,"minecraft:wheat":81},"minecraft:picked_up":{"born_in_chaos_v1:corpse_maggot":4,"minecraft:ladder":203,"minecraft:pumpkin":4,"minecraft:spruce_log":3,"minecraft:dirt":13,"minecraft:light_gray_concrete":1,"minecraft:white_carpet":1,"minecraft:stone_sword":1,"minecraft:rotten_flesh":4,"quark:clear_shard":18,"born_in_chaos_v1:fire_dust":1,"minecraft:hay_block":19,"minecraft:stone_pickaxe":1,"minecraft:bread":34,"minecraft:dark_oak_fence":6,"minecraft:cobblestone":15}},"DataVersion":3465}