{"stats":{"minecraft:mined":{"luminousworld:snowgrass":2},"minecraft:custom":{"minecraft:jump":135,"minecraft:time_since_rest":4088,"minecraft:damage_dealt":45,"minecraft:walk_on_water_one_cm":1415,"minecraft:sprint_one_cm":11702,"minecraft:play_time":4088,"minecraft:damage_taken":150,"minecraft:time_since_death":4088,"minecraft:walk_one_cm":12734,"minecraft:sneak_time":23,"minecraft:total_world_time":4088,"minecraft:walk_under_water_one_cm":1074,"minecraft:swim_one_cm":872,"minecraft:fall_one_cm":5234,"minecraft:fly_one_cm":35845}},"DataVersion":3465}