{"stats":{"minecraft:mined":{"minecraft:ladder":2,"minecraft:dark_oak_fence":6,"minecraft:grass_block":10,"minecraft:campfire":4,"minecraft:cobblestone":1,"minecraft:spruce_leaves":12,"minecraft:hay_block":14,"minecraft:white_carpet":3,"minecraft:spruce_log":23,"minecraft:pumpkin":2,"minecraft:grass":2,"luminousworld:snowgrass":2,"minecraft:dirt":3,"minecraft:packed_ice":7,"minecraft:stone":14,"minecraft:iron_block":1},"minecraft:custom":{"minecraft:mob_kills":3,"minecraft:interact_with_crafting_table":5,"minecraft:time_since_death":13202,"minecraft:sleep_in_bed":2,"minecraft:climb_one_cm":16087,"minecraft:time_since_rest":10803,"minecraft:sprint_one_cm":169109,"minecraft:damage_taken":3586,"minecraft:walk_one_cm":110715,"minecraft:drop":6,"minecraft:damage_dealt":926,"minecraft:swim_one_cm":13671,"minecraft:fly_one_cm":358435,"minecraft:open_chest":1,"minecraft:crouch_one_cm":1413,"minecraft:play_time":40088,"minecraft:deaths":7,"minecraft:sneak_time":807,"minecraft:walk_under_water_one_cm":17614,"minecraft:jump":1192,"minecraft:walk_on_water_one_cm":9267,"minecraft:interact_with_smoker":3,"minecraft:total_world_time":40088,"minecraft:fall_one_cm":26538},"minecraft:used":{"minecraft:cooked_mutton":1,"minecraft:stone_sword":16,"minecraft:stone_pickaxe":11,"minecraft:ladder":1,"minecraft:wooden_pickaxe":15,"minecraft:creeper_head":1,"minecraft:dirt":13,"minecraft:white_carpet":3,"minecraft:crafting_table":1,"born_in_chaos_v1:corpse_maggot":5,"born_in_chaos_v1:smoked_flesh":3,"minecraft:light_gray_concrete":1,"minecraft:bread":6,"minecraft:stone_axe":60,"minecraft:cobblestone":7,"tombstone:gift":4,"alexsmobs:animal_dictionary":1,"minecraft:pumpkin":2},"minecraft:dropped":{"minecraft:bread":5,"minecraft:wooden_pickaxe":1},"minecraft:killed_by":{"minecraft:player":1,"autizmzrake:rake":3,"minecraft:pillager":1,"iceandfire:dread_knight":2},"minecraft:killed":{"born_in_chaos_v1:bloody_gadfly":1,"born_in_chaos_v1:corpse_fly":1},"minecraft:crafted":{"minecraft:crafting_table":1,"minecraft:spruce_planks":12,"minecraft:wooden_pickaxe":1,"minecraft:stone_axe":1,"minecraft:bread":27,"minecraft:stick":8,"born_in_chaos_v1:smoked_flesh":4,"minecraft:iron_ingot":9,"minecraft:stone_pickaxe":1,"minecraft:stone_sword":1,"minecraft:wheat":81},"minecraft:picked_up":{"born_in_chaos_v1:corpse_maggot":6,"minecraft:charcoal":20,"minecraft:ladder":203,"minecraft:creeper_head":1,"minecraft:clay_ball":1,"minecraft:potato":4,"minecraft:chainmail_chestplate":1,"minecraft:dirt":13,"minecraft:cooked_mutton":1,"minecraft:item_frame":4,"minecraft:white_carpet":1,"minecraft:bone":2,"minecraft:beef":7,"minecraft:stone_pickaxe":1,"minecraft:rabbit":5,"minecraft:pumpkin":4,"minecraft:porkchop":7,"minecraft:spruce_sapling":1,"minecraft:spruce_log":21,"minecraft:light_gray_concrete":1,"minecraft:stone_sword":1,"quark:clear_shard":18,"minecraft:rotten_flesh":4,"born_in_chaos_v1:fire_dust":1,"minecraft:stone_axe":1,"minecraft:hay_block":19,"minecraft:iron_block":1,"minecraft:bread":34,"minecraft:emerald":3,"minecraft:dark_oak_fence":6,"minecraft:mutton":4,"minecraft:cobblestone":15}},"DataVersion":3465}