{"stats":{"minecraft:mined":{"placeablesmod:raw_mutton_block_1":1,"minecraft:crafting_table":1,"minecraft:ladder":2,"minecraft:dark_oak_fence":6,"minecraft:grass_block":10,"minecraft:campfire":4,"minecraft:spruce_wall_sign":3,"minecraft:cobblestone":2,"minecraft:spruce_leaves":16,"minecraft:hay_block":14,"placeablesmod:cooked_pork_block":2,"minecraft:white_carpet":3,"minecraft:spruce_log":31,"minecraft:andesite":2,"minecraft:pumpkin":2,"minecraft:grass":3,"luminousworld:snowgrass":2,"minecraft:lantern":1,"quark:spruce_chest":2,"minecraft:dirt":3,"minecraft:packed_ice":7,"minecraft:stone":55,"minecraft:iron_block":1,"minecraft:tripwire":1},"minecraft:custom":{"minecraft:interact_with_furnace":12,"minecraft:mob_kills":8,"minecraft:interact_with_crafting_table":11,"minecraft:leave_game":2,"minecraft:time_since_death":60955,"minecraft:sleep_in_bed":4,"minecraft:climb_one_cm":16087,"minecraft:time_since_rest":1628,"minecraft:sprint_one_cm":404579,"minecraft:damage_taken":4556,"minecraft:walk_one_cm":220287,"minecraft:drop":6,"minecraft:damage_dealt":4078,"minecraft:swim_one_cm":13802,"minecraft:talked_to_villager":1,"minecraft:fly_one_cm":805514,"minecraft:open_chest":8,"minecraft:crouch_one_cm":4311,"minecraft:play_time":87841,"tombstone:undead_killed":2,"minecraft:deaths":7,"minecraft:sneak_time":1529,"minecraft:walk_under_water_one_cm":18169,"minecraft:jump":2665,"minecraft:walk_on_water_one_cm":9718,"minecraft:total_world_time":87841,"minecraft:interact_with_smoker":20,"minecraft:fall_one_cm":58971},"minecraft:used":{"minecraft:cooked_mutton":1,"minecraft:stone_sword":16,"minecraft:stone_pickaxe":57,"minecraft:ladder":1,"minecraft:wooden_pickaxe":15,"minecraft:iron_sword":40,"minecraft:creeper_head":1,"minecraft:spruce_sign":3,"minecraft:dirt":13,"minecraft:white_carpet":3,"minecraft:crafting_table":3,"minecraft:spruce_fence":11,"minecraft:spruce_log":1,"minecraft:dark_oak_door":4,"born_in_chaos_v1:corpse_maggot":5,"born_in_chaos_v1:smoked_flesh":6,"minecraft:light_gray_concrete":1,"minecraft:lantern":4,"minecraft:bread":29,"minecraft:string":4,"minecraft:spruce_sapling":2,"minecraft:stone_axe":95,"minecraft:cobblestone":10,"tombstone:gift":4,"minecraft:andesite":2,"quark:oak_chest":2,"alexsmobs:animal_dictionary":1,"minecraft:cooked_beef":1,"minecraft:pumpkin":2},"minecraft:dropped":{"minecraft:bread":5,"minecraft:wooden_pickaxe":1},"minecraft:killed_by":{"minecraft:player":1,"autizmzrake:rake":3,"minecraft:pillager":1,"iceandfire:dread_knight":2},"minecraft:killed":{"luminousworld:frostbitten_zombie":1,"enemyexpansion:sprinter":1,"born_in_chaos_v1:bloody_gadfly":1,"born_in_chaos_v1:corpse_fly":1,"iceandfire:ice_dragon":1},"minecraft:crafted":{"minecraft:cooked_beef":14,"minecraft:cooked_porkchop":14,"minecraft:spruce_sign":3,"minecraft:crafting_table":2,"minecraft:spruce_planks":104,"minecraft:wooden_pickaxe":1,"minecraft:iron_sword":1,"minecraft:stone_axe":1,"minecraft:bread":27,"minecraft:cooked_mutton":6,"minecraft:air":0,"minecraft:stick":12,"quark:oak_chest":2,"born_in_chaos_v1:smoked_flesh":6,"minecraft:iron_ingot":9,"minecraft:stone_pickaxe":1,"minecraft:stone_sword":1,"minecraft:iron_leggings":1,"minecraft:wheat":81},"minecraft:picked_up":{"born_in_chaos_v1:corpse_maggot":7,"minecraft:charcoal":20,"minecraft:crafting_table":2,"minecraft:flower_pot":1,"minecraft:creeper_head":1,"minecraft:ladder":238,"minecraft:clay_ball":2,"minecraft:andesite":2,"minecraft:potato":4,"minecraft:chainmail_chestplate":1,"iceandfire:dragonscales_blue":4,"minecraft:string":4,"minecraft:dirt":13,"minecraft:dark_oak_trapdoor":4,"minecraft:lantern":4,"minecraft:cooked_mutton":1,"minecraft:item_frame":8,"minecraft:white_carpet":1,"minecraft:bone":4,"minecraft:apple":1,"quark:spruce_chest":2,"minecraft:spruce_planks":4,"minecraft:stone_pickaxe":1,"minecraft:beef":14,"minecraft:rabbit":10,"minecraft:bamboo":1,"iceandfire:ice_dragon_heart":1,"minecraft:dark_oak_door":4,"minecraft:stick":2,"iceandfire:dragonbone":59,"minecraft:cooked_porkchop":2,"minecraft:pumpkin":4,"minecraft:spruce_fence":17,"minecraft:porkchop":14,"minecraft:spruce_sapling":2,"tombstone:grave_dust":2,"minecraft:spruce_log":29,"iceandfire:dragon_skull_ice":4,"minecraft:light_gray_concrete":1,"minecraft:stone_sword":2,"quark:clear_shard":27,"minecraft:rotten_flesh":8,"born_in_chaos_v1:fire_dust":1,"minecraft:stone_axe":1,"minecraft:hay_block":24,"minecraft:iron_block":1,"minecraft:painting":3,"iceandfire:ice_dragon_flesh":7,"minecraft:spruce_sign":4,"minecraft:emerald":3,"minecraft:bread":34,"minecraft:dark_oak_fence":6,"minecraft:mutton":9,"iceandfire:silver_nugget":14,"minecraft:cobblestone":57}},"DataVersion":3465}