{"stats":{"minecraft:mined":{"minecraft:stripped_spruce_log":3,"minecraft:spruce_slab":1},"minecraft:custom":{"minecraft:time_since_rest":74,"minecraft:interact_with_furnace":1,"minecraft:sprint_one_cm":60553,"minecraft:damage_taken":960,"minecraft:walk_one_cm":95233,"minecraft:mob_kills":9,"minecraft:drop":2,"minecraft:damage_dealt":2190,"minecraft:swim_one_cm":3136,"minecraft:interact_with_crafting_table":1,"minecraft:fly_one_cm":160336,"minecraft:open_barrel":5,"minecraft:open_chest":6,"minecraft:crouch_one_cm":9205,"minecraft:play_time":29079,"tombstone:undead_killed":2,"minecraft:deaths":3,"minecraft:sneak_time":3591,"minecraft:walk_under_water_one_cm":9856,"minecraft:jump":551,"minecraft:damage_dealt_resisted":6,"minecraft:interact_with_stonecutter":1,"minecraft:walk_on_water_one_cm":2058,"minecraft:time_since_death":9274,"minecraft:climb_one_cm":17152,"minecraft:total_world_time":29079,"minecraft:fall_one_cm":13775},"minecraft:used":{"minecraft:stone":9,"minecraft:iron_sword":37,"minecraft:beef":2,"minecraft:crafting_table":1,"minecraft:carrot":7,"tombstone:gift":1},"minecraft:dropped":{"minecraft:bone":2},"minecraft:killed_by":{"alexsmobs:tusklin":1},"minecraft:killed":{"born_in_chaos_v1:restless_spirit":1,"minecraft:spider":5,"earthmobsmod:cream_cow":1,"born_in_chaos_v1:decrepit_skeleton":2},"minecraft:crafted":{"minecraft:crafting_table":1,"minecraft:spruce_planks":12},"minecraft:picked_up":{"minecraft:ladder":34,"minecraft:stripped_spruce_log":3,"tombstone:grave_dust":1,"minecraft:string":4,"minecraft:bone":1,"minecraft:rotten_flesh":2,"minecraft:beef":2,"minecraft:cobblestone":1}},"DataVersion":3465}