{"stats":{"minecraft:custom":{"minecraft:jump":336,"minecraft:open_chest":1,"minecraft:time_since_rest":6501,"minecraft:interact_with_furnace":1,"minecraft:interact_with_stonecutter":1,"minecraft:deaths":2,"minecraft:damage_dealt":217,"minecraft:crouch_one_cm":2129,"minecraft:walk_on_water_one_cm":976,"minecraft:sprint_one_cm":31882,"minecraft:play_time":17079,"minecraft:damage_taken":680,"minecraft:time_since_death":6999,"minecraft:walk_one_cm":75664,"minecraft:sneak_time":885,"minecraft:climb_one_cm":16092,"minecraft:total_world_time":17079,"minecraft:walk_under_water_one_cm":4209,"minecraft:fall_one_cm":8326,"minecraft:fly_one_cm":87824},"minecraft:used":{"minecraft:stone":9},"minecraft:killed_by":{"alexsmobs:tusklin":1},"minecraft:picked_up":{"tombstone:grave_dust":1,"minecraft:cobblestone":1}},"DataVersion":3465}