{"stats":{"minecraft:custom":{"minecraft:jump":80,"minecraft:time_since_rest":5079,"minecraft:damage_dealt":85,"minecraft:crouch_one_cm":327,"minecraft:walk_on_water_one_cm":37,"minecraft:sprint_one_cm":6702,"minecraft:play_time":5079,"minecraft:damage_taken":115,"minecraft:time_since_death":5079,"minecraft:walk_one_cm":29652,"minecraft:sneak_time":61,"minecraft:total_world_time":5079,"minecraft:walk_under_water_one_cm":128,"minecraft:fall_one_cm":1254,"minecraft:fly_one_cm":18686}},"DataVersion":3465}