{"stats":{"minecraft:mined":{"minecraft:cobblestone_stairs":2,"minecraft:stripped_spruce_log":3,"luminousworld:mossbuds_2":1,"minecraft:oak_stairs":1,"minecraft:cobblestone":2,"minecraft:spruce_leaves":1,"minecraft:spruce_slab":1,"minecraft:spawner":2},"minecraft:custom":{"minecraft:time_since_rest":12074,"minecraft:interact_with_furnace":1,"minecraft:sprint_one_cm":94096,"minecraft:damage_taken":1060,"minecraft:walk_one_cm":137669,"minecraft:mob_kills":13,"minecraft:drop":2,"minecraft:damage_dealt":3144,"minecraft:swim_one_cm":3136,"minecraft:interact_with_crafting_table":1,"minecraft:fly_one_cm":242975,"minecraft:open_barrel":25,"minecraft:open_chest":19,"minecraft:crouch_one_cm":15021,"minecraft:play_time":41079,"tombstone:undead_killed":2,"minecraft:deaths":3,"minecraft:sneak_time":5283,"minecraft:walk_under_water_one_cm":9856,"minecraft:jump":802,"minecraft:damage_dealt_resisted":6,"minecraft:interact_with_brewingstand":1,"minecraft:interact_with_stonecutter":1,"minecraft:walk_on_water_one_cm":2058,"minecraft:time_since_death":21274,"minecraft:climb_one_cm":17152,"minecraft:total_world_time":41079,"minecraft:fall_one_cm":18277},"minecraft:used":{"minecraft:iron_pickaxe":9,"minecraft:stone":9,"minecraft:iron_sword":58,"minecraft:beef":2,"minecraft:crafting_table":1,"minecraft:goat_horn":5,"minecraft:carrot":16,"tombstone:gift":1},"minecraft:dropped":{"minecraft:bone":2},"minecraft:killed_by":{"alexsmobs:tusklin":1},"minecraft:killed":{"born_in_chaos_v1:restless_spirit":2,"minecraft:spider":8,"earthmobsmod:cream_cow":1,"born_in_chaos_v1:decrepit_skeleton":2},"minecraft:crafted":{"minecraft:crafting_table":1,"minecraft:stick":4,"minecraft:spruce_planks":12,"minecraft:iron_pickaxe":1},"minecraft:picked_up":{"minecraft:ladder":34,"born_in_chaos_v1:ethereal_spirit":1,"minecraft:stripped_spruce_log":3,"tombstone:grave_dust":1,"minecraft:spider_eye":3,"minecraft:string":7,"minecraft:bone":3,"minecraft:rotten_flesh":4,"minecraft:iron_ingot":1,"minecraft:beef":2,"minecraft:cobblestone":1}},"DataVersion":3465}