{"stats":{"minecraft:mined":{"minecraft:spruce_planks":2,"minecraft:cobblestone_stairs":2,"minecraft:dark_oak_fence":1,"luminousworld:mossbuds_2":1,"minecraft:grass_block":2,"minecraft:cobblestone":2,"minecraft:spruce_leaves":8,"minecraft:spawner":2,"minecraft:large_fern":1,"minecraft:sweet_berry_bush":3,"minecraft:spruce_log":1,"minecraft:stripped_spruce_log":3,"minecraft:vine":1,"minecraft:oak_stairs":1,"minecraft:cyan_carpet":1,"minecraft:packed_ice":10,"luminousworld:groundpebbles_2":1,"minecraft:spruce_slab":1},"minecraft:custom":{"minecraft:interact_with_furnace":1,"minecraft:mob_kills":14,"minecraft:interact_with_crafting_table":1,"minecraft:tune_noteblock":2,"minecraft:open_barrel":25,"minecraft:damage_dealt_resisted":6,"minecraft:interact_with_stonecutter":1,"minecraft:leave_game":1,"minecraft:time_since_death":547,"minecraft:climb_one_cm":17152,"minecraft:time_since_rest":1,"minecraft:sprint_one_cm":338215,"minecraft:damage_taken":4109,"minecraft:walk_one_cm":239429,"tombstone:sneak_grave":1,"minecraft:drop":3,"minecraft:damage_dealt":3794,"minecraft:swim_one_cm":8184,"minecraft:fly_one_cm":984488,"minecraft:player_kills":1,"minecraft:open_chest":23,"minecraft:crouch_one_cm":18305,"minecraft:play_time":88534,"tombstone:undead_killed":2,"minecraft:deaths":15,"minecraft:sneak_time":6330,"minecraft:walk_under_water_one_cm":18302,"minecraft:jump":2703,"minecraft:interact_with_brewingstand":1,"minecraft:walk_on_water_one_cm":4614,"minecraft:total_world_time":88534,"minecraft:fall_one_cm":39124},"minecraft:used":{"minecraft:cobblestone_stairs":2,"iceandfire:dragon_skull_ice":1,"minecraft:spruce_planks":8,"minecraft:stone":10,"minecraft:iron_sword":58,"luminousworld:groundpebbles_1":1,"minecraft:dirt":2,"minecraft:crafting_table":1,"minecraft:carrot":16,"minecraft:crossbow":1,"minecraft:iron_pickaxe":10,"minecraft:cobblestone":3,"minecraft:beef":2,"minecraft:sweet_berries":15,"minecraft:goat_horn":6,"tombstone:gift":3},"minecraft:dropped":{"luminousworld:snow_poppy":1,"minecraft:bone":2},"minecraft:killed_by":{"iceandfire:ice_dragon":1,"minecraft:skeleton":1,"minecraft:zombie":1,"minecraft:pillager":3,"mowziesmobs:frostmaw":1,"alexsmobs:tusklin":1,"undead_revamp2:thebeartamer":1},"minecraft:killed":{"born_in_chaos_v1:restless_spirit":2,"minecraft:spider":8,"earthmobsmod:cream_cow":1,"born_in_chaos_v1:decrepit_skeleton":2},"minecraft:crafted":{"minecraft:crafting_table":1,"minecraft:spruce_planks":32,"minecraft:stick":4,"minecraft:iron_pickaxe":1},"minecraft:picked_up":{"luminousworld:groundpebbles_1":1,"minecraft:ladder":34,"minecraft:cobblestone_stairs":2,"minecraft:string":7,"minecraft:dirt":2,"born_in_chaos_v1:intoxicating_decoction":1,"minecraft:bone":3,"minecraft:cyan_carpet":1,"minecraft:spruce_planks":1,"minecraft:beef":2,"minecraft:iron_ingot":1,"minecraft:sugar_cane":2,"iceandfire:dragonbone":17,"minecraft:sweet_berries":7,"born_in_chaos_v1:ethereal_spirit":1,"minecraft:stripped_spruce_log":3,"minecraft:spruce_sapling":1,"tombstone:grave_dust":1,"minecraft:spruce_log":1,"minecraft:spider_eye":3,"iceandfire:dragon_skull_ice":3,"minecraft:rotten_flesh":4,"minecraft:tropical_fish":1,"minecraft:cobblestone":3}},"DataVersion":3465}