{"stats":{"minecraft:mined":{"minecraft:cobblestone_stairs":2,"minecraft:stripped_spruce_log":3,"minecraft:dark_oak_fence":1,"luminousworld:mossbuds_2":1,"minecraft:oak_stairs":1,"minecraft:packed_ice":10,"minecraft:cobblestone":2,"minecraft:spruce_leaves":1,"minecraft:spruce_slab":1,"minecraft:spawner":2},"minecraft:custom":{"minecraft:time_since_rest":1466,"minecraft:interact_with_furnace":1,"minecraft:sprint_one_cm":134892,"minecraft:damage_taken":2405,"minecraft:walk_one_cm":153685,"tombstone:sneak_grave":1,"minecraft:mob_kills":13,"minecraft:drop":2,"minecraft:damage_dealt":3193,"minecraft:interact_with_crafting_table":1,"minecraft:player_kills":1,"minecraft:swim_one_cm":3136,"minecraft:fly_one_cm":368734,"minecraft:open_barrel":25,"minecraft:open_chest":19,"minecraft:crouch_one_cm":17308,"minecraft:play_time":52253,"tombstone:undead_killed":2,"minecraft:deaths":8,"minecraft:sneak_time":5918,"minecraft:walk_under_water_one_cm":9936,"minecraft:jump":1185,"minecraft:damage_dealt_resisted":6,"minecraft:interact_with_brewingstand":1,"minecraft:interact_with_stonecutter":1,"minecraft:time_since_death":2710,"minecraft:walk_on_water_one_cm":2326,"minecraft:climb_one_cm":17152,"minecraft:total_world_time":52253,"minecraft:fall_one_cm":27023},"minecraft:used":{"minecraft:cobblestone_stairs":2,"iceandfire:dragon_skull_ice":1,"minecraft:iron_pickaxe":10,"minecraft:iron_sword":58,"minecraft:stone":9,"minecraft:cobblestone":2,"minecraft:beef":2,"minecraft:crafting_table":1,"minecraft:goat_horn":6,"minecraft:carrot":16,"minecraft:crossbow":1,"tombstone:gift":1},"minecraft:dropped":{"minecraft:bone":2},"minecraft:killed_by":{"mowziesmobs:frostmaw":1,"alexsmobs:tusklin":1,"minecraft:zombie":1},"minecraft:killed":{"born_in_chaos_v1:restless_spirit":2,"minecraft:spider":8,"earthmobsmod:cream_cow":1,"born_in_chaos_v1:decrepit_skeleton":2},"minecraft:crafted":{"minecraft:crafting_table":1,"minecraft:spruce_planks":12,"minecraft:stick":4,"minecraft:iron_pickaxe":1},"minecraft:picked_up":{"iceandfire:dragonbone":13,"minecraft:ladder":34,"born_in_chaos_v1:ethereal_spirit":1,"minecraft:stripped_spruce_log":3,"tombstone:grave_dust":1,"minecraft:cobblestone_stairs":2,"minecraft:string":7,"minecraft:spider_eye":3,"iceandfire:dragon_skull_ice":2,"born_in_chaos_v1:intoxicating_decoction":1,"minecraft:bone":3,"minecraft:rotten_flesh":4,"minecraft:iron_ingot":1,"minecraft:beef":2,"minecraft:cobblestone":3}},"DataVersion":3465}